<?xml version="1.0" encoding="utf-8"?>
<ModelInformation Version="1.0">
  <Model>
    <P Name="MdlSubVersion">1</P>
    <P Name="SavedCharacterEncoding">UTF-8</P>
    <P Name="ScopeRefreshTime">0.035000</P>
    <P Name="OverrideScopeRefreshTime">on</P>
    <P Name="DisableAllScopes">off</P>
    <P Name="DataTypeOverride">UseLocalSettings</P>
    <P Name="DataTypeOverrideAppliesTo">AllNumericTypes</P>
    <P Name="MinMaxOverflowLogging">UseLocalSettings</P>
    <P Name="MinMaxOverflowArchiveMode">Overwrite</P>
    <P Name="FPTRunName">Run 1</P>
    <P Name="MaxMDLFileLineLength">120</P>
    <P Name="LastSavedArchitecture">glnxa64</P>
    <Object PropName="BdWindowsInfo" ObjectID="1" ClassName="Simulink.BDWindowsInfo">
      <Object PropName="WindowsInfo" ObjectID="2" ClassName="Simulink.WindowInfo">
        <P Name="IsActive" Class="logical">1</P>
        <P Name="Location" Class="double">[65.0, 24.0, 1301.0, 744.0]</P>
        <Object PropName="ModelBrowserInfo" ObjectID="3" ClassName="Simulink.ModelBrowserInfo">
          <P Name="Visible" Class="logical">0</P>
          <P Name="DockPosition" Class="char">Left</P>
          <P Name="Width" Class="int32">50</P>
          <P Name="Height" Class="int32">50</P>
          <P Name="Filter" Class="int32">9</P>
        </Object>
        <Object PropName="ExplorerBarInfo" ObjectID="4" ClassName="Simulink.ExplorerBarInfo">
          <P Name="Visible" Class="logical">1</P>
        </Object>
        <Object PropName="EditorsInfo" ObjectID="5" ClassName="Simulink.EditorInfo">
          <P Name="IsActive" Class="logical">1</P>
          <P Name="ViewObjType" Class="char">SimulinkTopLevel</P>
          <P Name="LoadSaveID" Class="char">0</P>
          <P Name="Extents" Class="double">[1267.0, 599.0]</P>
          <P Name="ZoomFactor" Class="double">0.8</P>
          <P Name="Offset" Class="double">[-82.205151891850164, 288.61033666928586]</P>
        </Object>
      </Object>
    </Object>
    <ConfigManagerSettings>
      <P Name="UpdateHistory">UpdateHistoryNever</P>
      <P Name="ModifiedByFormat">%&lt;Auto&gt;</P>
      <P Name="ModifiedDateFormat">%&lt;Auto&gt;</P>
      <P Name="RTWModifiedTimeStamp">424968703</P>
      <P Name="ModelVersionFormat">1.%&lt;AutoIncrement:2&gt;</P>
    </ConfigManagerSettings>
    <EditorSettings>
      <P Name="SampleTimeColors">off</P>
      <P Name="SampleTimeAnnotations">off</P>
      <P Name="LibraryLinkDisplay">disabled</P>
      <P Name="WideLines">off</P>
      <P Name="ShowLineDimensions">off</P>
      <P Name="ShowPortDataTypes">off</P>
      <P Name="ShowEditTimeErrors">on</P>
      <P Name="ShowEditTimeWarnings">off</P>
      <P Name="ShowEditTimeAdvisorChecks">off</P>
      <P Name="ShowPortUnits">off</P>
      <P Name="ShowDesignRanges">off</P>
      <P Name="ShowLoopsOnError">on</P>
      <P Name="IgnoreBidirectionalLines">off</P>
      <P Name="ShowStorageClass">off</P>
      <P Name="ShowTestPointIcons">on</P>
      <P Name="ShowSignalResolutionIcons">on</P>
      <P Name="ShowViewerIcons">on</P>
      <P Name="SortedOrder">off</P>
      <P Name="VariantCondition">off</P>
      <P Name="ExecutionContextIcon">off</P>
      <P Name="ShowLinearizationAnnotations">on</P>
      <P Name="ShowVisualizeInsertedRTB">on</P>
      <P Name="ShowMarkup">on</P>
      <P Name="BlockNameDataTip">off</P>
      <P Name="BlockParametersDataTip">off</P>
      <P Name="BlockDescriptionStringDataTip">off</P>
      <P Name="ToolBar">on</P>
      <P Name="StatusBar">on</P>
      <P Name="BrowserShowLibraryLinks">off</P>
      <P Name="FunctionConnectors">off</P>
      <P Name="BrowserLookUnderMasks">off</P>
    </EditorSettings>
    <SimulationSettings>
      <P Name="SimulationMode">normal</P>
      <P Name="PauseTimes">5</P>
      <P Name="NumberOfSteps">1</P>
      <P Name="SnapshotBufferSize">10</P>
      <P Name="SnapshotInterval">10</P>
      <P Name="NumberOfLastSnapshots">0</P>
      <P Name="LinearizationMsg">none</P>
      <P Name="Profile">off</P>
      <P Name="ParamWorkspaceSource">MATLABWorkspace</P>
      <P Name="AccelSystemTargetFile">accel.tlc</P>
      <P Name="AccelTemplateMakefile">accel_default_tmf</P>
      <P Name="AccelMakeCommand">make_rtw</P>
      <P Name="TryForcingSFcnDF">off</P>
      <Object PropName="DataLoggingOverride" ObjectID="6" ClassName="Simulink.SimulationData.ModelLoggingInfo">
        <P Name="model_" Class="char">RLC</P>
        <P Name="overrideMode_" Class="uint32">0U</P>
        <Array PropName="logAsSpecifiedByModels_" Type="Cell" Dimension="1*1">
          <Cell Class="char">RLC</Cell>
        </Array>
        <Array PropName="logAsSpecifiedByModelsSSIDs_" Type="Cell" Dimension="1*1">
          <Cell>[]</Cell>
        </Array>
      </Object>
    </SimulationSettings>
    <ExternalMode>
      <P Name="ExtModeBatchMode">off</P>
      <P Name="ExtModeEnableFloating">on</P>
      <P Name="ExtModeTrigType">manual</P>
      <P Name="ExtModeTrigMode">normal</P>
      <P Name="ExtModeTrigPort">1</P>
      <P Name="ExtModeTrigElement">any</P>
      <P Name="ExtModeTrigDuration">1000</P>
      <P Name="ExtModeTrigDurationFloating">auto</P>
      <P Name="ExtModeTrigHoldOff">0</P>
      <P Name="ExtModeTrigDelay">0</P>
      <P Name="ExtModeTrigDirection">rising</P>
      <P Name="ExtModeTrigLevel">0</P>
      <P Name="ExtModeArchiveMode">off</P>
      <P Name="ExtModeAutoIncOneShot">off</P>
      <P Name="ExtModeIncDirWhenArm">off</P>
      <P Name="ExtModeAddSuffixToVar">off</P>
      <P Name="ExtModeWriteAllDataToWs">off</P>
      <P Name="ExtModeArmWhenConnect">on</P>
      <P Name="ExtModeSkipDownloadWhenConnect">off</P>
      <P Name="ExtModeLogAll">on</P>
      <P Name="ExtModeAutoUpdateStatusClock">on</P>
    </ExternalMode>
    <ModelReferenceSettings>
      <P Name="ShowModelReferenceBlockVersion">off</P>
      <P Name="ShowModelReferenceBlockIO">off</P>
    </ModelReferenceSettings>
    <ConcurrentExecutionSettings>
      <Object PropName="DataTransfer" ObjectID="7" ClassName="Simulink.GlobalDataTransfer">
        <P Name="DefaultTransitionBetweenSyncTasks" Class="char">Ensure deterministic transfer (maximum delay)</P>
        <P Name="DefaultTransitionBetweenAsyncTasks" Class="char">Ensure data integrity only</P>
        <P Name="DefaultTransitionBetweenContTasks" Class="char">Ensure deterministic transfer (minimum delay)</P>
        <P Name="DefaultExtrapolationMethodBetweenContTasks" Class="char">None</P>
        <P Name="AutoInsertRateTranBlk" Class="logical">0</P>
      </Object>
      <P Name="ExplicitPartitioning">off</P>
    </ConcurrentExecutionSettings>
    <SystemDefaults>
      <P Name="PaperOrientation">landscape</P>
      <P Name="PaperPositionMode">auto</P>
      <P Name="PaperType">usletter</P>
      <P Name="PaperUnits">inches</P>
      <P Name="TiledPaperMargins">[0.500000, 0.500000, 0.500000, 0.500000]</P>
      <P Name="TiledPageScale">1</P>
      <P Name="ShowPageBoundaries">off</P>
      <P Name="ModelBrowserVisibility">off</P>
      <P Name="ModelBrowserWidth">200</P>
      <P Name="ScreenColor">white</P>
    </SystemDefaults>
    <BlockDefaults>
      <P Name="ForegroundColor">black</P>
      <P Name="BackgroundColor">white</P>
      <P Name="DropShadow">off</P>
      <P Name="NamePlacement">normal</P>
      <P Name="FontName">Helvetica</P>
      <P Name="FontSize">10</P>
      <P Name="FontWeight">normal</P>
      <P Name="FontAngle">normal</P>
      <P Name="ShowName">on</P>
      <P Name="BlockRotation">0</P>
      <P Name="BlockMirror">off</P>
    </BlockDefaults>
    <AnnotationDefaults>
      <P Name="HorizontalAlignment">center</P>
      <P Name="VerticalAlignment">middle</P>
      <P Name="ForegroundColor">black</P>
      <P Name="BackgroundColor">white</P>
      <P Name="DropShadow">off</P>
      <P Name="FontName">Helvetica</P>
      <P Name="FontSize">10</P>
      <P Name="FontWeight">normal</P>
      <P Name="FontAngle">normal</P>
      <P Name="UseDisplayTextAsClickCallback">off</P>
    </AnnotationDefaults>
    <LineDefaults>
      <P Name="FontName">Helvetica</P>
      <P Name="FontSize">9</P>
      <P Name="FontWeight">normal</P>
      <P Name="FontAngle">normal</P>
    </LineDefaults>
    <MaskDefaults>
      <P Name="SelfModifiable">off</P>
      <P Name="IconFrame">on</P>
      <P Name="IconOpaque">opaque</P>
      <P Name="RunInitForIconRedraw">off</P>
      <P Name="IconRotate">none</P>
      <P Name="PortRotate">default</P>
      <P Name="IconUnits">autoscale</P>
    </MaskDefaults>
    <MaskParameterDefaults>
      <P Name="Evaluate">on</P>
      <P Name="Tunable">on</P>
      <P Name="NeverSave">off</P>
      <P Name="Internal">off</P>
      <P Name="ReadOnly">off</P>
      <P Name="Enabled">on</P>
      <P Name="Visible">on</P>
      <P Name="ToolTip">on</P>
    </MaskParameterDefaults>
    <BlockParameterDefaults>
      <Block BlockType="Constant">
        <P Name="Value">1</P>
        <P Name="VectorParams1D">on</P>
        <P Name="SamplingMode">Sample based</P>
        <P Name="OutMin">[]</P>
        <P Name="OutMax">[]</P>
        <P Name="OutDataTypeStr">Inherit: Inherit from &apos;Constant value&apos;</P>
        <P Name="LockScale">off</P>
        <P Name="SampleTime">inf</P>
        <P Name="FramePeriod">inf</P>
        <P Name="PreserveConstantTs">off</P>
      </Block>
      <Block BlockType="Gain">
        <P Name="Gain">1</P>
        <P Name="Multiplication">Element-wise(K.*u)</P>
        <P Name="ParamMin">[]</P>
        <P Name="ParamMax">[]</P>
        <P Name="ParamDataTypeStr">Inherit: Same as input</P>
        <P Name="OutMin">[]</P>
        <P Name="OutMax">[]</P>
        <P Name="OutDataTypeStr">Inherit: Same as input</P>
        <P Name="LockScale">off</P>
        <P Name="RndMeth">Floor</P>
        <P Name="SaturateOnIntegerOverflow">on</P>
        <P Name="SampleTime">-1</P>
      </Block>
      <Block BlockType="Integrator">
        <P Name="ExternalReset">none</P>
        <P Name="InitialConditionSource">internal</P>
        <P Name="InitialCondition">0</P>
        <P Name="LimitOutput">off</P>
        <P Name="UpperSaturationLimit">inf</P>
        <P Name="LowerSaturationLimit">-inf</P>
        <P Name="WrapState">off</P>
        <P Name="WrappedStateUpperValue">pi</P>
        <P Name="WrappedStateLowerValue">-pi</P>
        <P Name="ShowSaturationPort">off</P>
        <P Name="ShowStatePort">off</P>
        <P Name="AbsoluteTolerance">auto</P>
        <P Name="IgnoreLimit">off</P>
        <P Name="ZeroCross">on</P>
        <P Name="ContinuousStateAttributes">&apos;&apos;</P>
      </Block>
      <Block BlockType="Scope">
        <P Name="DefaultConfigurationName">Simulink.scopes.TimeScopeBlockCfg</P>
        <P Name="NumInputPorts">1</P>
        <P Name="Floating">off</P>
      </Block>
      <Block BlockType="Sum">
        <P Name="IconShape">rectangular</P>
        <P Name="Inputs">++</P>
        <P Name="CollapseMode">All dimensions</P>
        <P Name="CollapseDim">1</P>
        <P Name="InputSameDT">on</P>
        <P Name="AccumDataTypeStr">Inherit: Inherit via internal rule</P>
        <P Name="OutMin">[]</P>
        <P Name="OutMax">[]</P>
        <P Name="OutDataTypeStr">Inherit: Same as first input</P>
        <P Name="LockScale">off</P>
        <P Name="RndMeth">Floor</P>
        <P Name="SaturateOnIntegerOverflow">on</P>
        <P Name="SampleTime">-1</P>
      </Block>
    </BlockParameterDefaults>
    <System>
      <P Name="Location">[65, 24, 1366, 768]</P>
      <P Name="Open">on</P>
      <P Name="TiledPaperMargins">[0.500000, 0.500000, 0.500000, 0.500000]</P>
      <P Name="ZoomFactor">80</P>
      <P Name="ReportName">simulink-default.rpt</P>
      <P Name="SIDHighWatermark">22</P>
      <Block BlockType="Constant" Name="Constant" SID="13">
        <P Name="Position">[345, 310, 375, 340]</P>
        <P Name="ZOrder">13</P>
        <P Name="Value">50</P>
      </Block>
      <Block BlockType="Constant" Name="Constant1" SID="14">
        <P Name="Position">[275, 675, 305, 705]</P>
        <P Name="ZOrder">20</P>
        <P Name="Value">50</P>
      </Block>
      <Block BlockType="Gain" Name="Gain" SID="4">
        <P Name="Position">[510, 385, 540, 415]</P>
        <P Name="ZOrder">4</P>
        <P Name="BlockMirror">on</P>
        <P Name="Gain">2</P>
        <P Name="ParamDataTypeStr">Inherit: Inherit via internal rule</P>
        <P Name="OutDataTypeStr">Inherit: Inherit via internal rule</P>
        <P Name="SaturateOnIntegerOverflow">off</P>
      </Block>
      <Block BlockType="Gain" Name="Gain1" SID="5">
        <P Name="Position">[510, 440, 540, 470]</P>
        <P Name="ZOrder">5</P>
        <P Name="BlockMirror">on</P>
        <P Name="Gain">25</P>
        <P Name="ParamDataTypeStr">Inherit: Inherit via internal rule</P>
        <P Name="OutDataTypeStr">Inherit: Inherit via internal rule</P>
        <P Name="SaturateOnIntegerOverflow">off</P>
      </Block>
      <Block BlockType="Gain" Name="Gain2" SID="15">
        <P Name="Position">[710, 690, 740, 720]</P>
        <P Name="ZOrder">16</P>
        <P Name="Gain">25</P>
        <P Name="ParamDataTypeStr">Inherit: Inherit via internal rule</P>
        <P Name="OutDataTypeStr">Inherit: Inherit via internal rule</P>
        <P Name="SaturateOnIntegerOverflow">off</P>
      </Block>
      <Block BlockType="Gain" Name="Gain3" SID="9">
        <P Name="Position">[705, 400, 735, 430]</P>
        <P Name="ZOrder">9</P>
        <P Name="Gain">2</P>
        <P Name="ParamDataTypeStr">Inherit: Inherit via internal rule</P>
        <P Name="OutDataTypeStr">Inherit: Inherit via internal rule</P>
        <P Name="SaturateOnIntegerOverflow">off</P>
      </Block>
      <Block BlockType="Gain" Name="Gain4" SID="10">
        <P Name="Position">[705, 325, 735, 355]</P>
        <P Name="ZOrder">10</P>
        <P Name="Gain">25</P>
        <P Name="ParamDataTypeStr">Inherit: Inherit via internal rule</P>
        <P Name="OutDataTypeStr">Inherit: Inherit via internal rule</P>
        <P Name="SaturateOnIntegerOverflow">off</P>
      </Block>
      <Block BlockType="Gain" Name="Gain5" SID="16">
        <P Name="Position">[600, 810, 630, 840]</P>
        <P Name="ZOrder">18</P>
        <P Name="BlockMirror">on</P>
        <P Name="Gain">2</P>
        <P Name="ParamDataTypeStr">Inherit: Inherit via internal rule</P>
        <P Name="OutDataTypeStr">Inherit: Inherit via internal rule</P>
        <P Name="SaturateOnIntegerOverflow">off</P>
      </Block>
      <Block BlockType="Gain" Name="Gain6" SID="17">
        <P Name="Position">[600, 875, 630, 905]</P>
        <P Name="ZOrder">19</P>
        <P Name="BlockMirror">on</P>
        <P Name="ParamDataTypeStr">Inherit: Inherit via internal rule</P>
        <P Name="OutDataTypeStr">Inherit: Inherit via internal rule</P>
        <P Name="SaturateOnIntegerOverflow">off</P>
      </Block>
      <Block BlockType="Gain" Name="Gain7" SID="18">
        <P Name="Position">[710, 640, 740, 670]</P>
        <P Name="ZOrder">22</P>
        <P Name="Gain">2</P>
        <P Name="ParamDataTypeStr">Inherit: Inherit via internal rule</P>
        <P Name="OutDataTypeStr">Inherit: Inherit via internal rule</P>
        <P Name="SaturateOnIntegerOverflow">off</P>
      </Block>
      <Block BlockType="Integrator" Name="Integrator" SID="2">
        <P Name="Ports">[1, 1]</P>
        <P Name="Position">[530, 325, 560, 355]</P>
        <P Name="ZOrder">2</P>
      </Block>
      <Block BlockType="Integrator" Name="Integrator1" SID="3">
        <P Name="Ports">[1, 1]</P>
        <P Name="Position">[625, 325, 655, 355]</P>
        <P Name="ZOrder">3</P>
      </Block>
      <Block BlockType="Integrator" Name="Integrator2" SID="19">
        <P Name="Ports">[1, 1]</P>
        <P Name="Position">[580, 690, 610, 720]</P>
        <P Name="ZOrder">15</P>
      </Block>
      <Block BlockType="Integrator" Name="Integrator3" SID="20">
        <P Name="Ports">[1, 1]</P>
        <P Name="Position">[830, 690, 860, 720]</P>
        <P Name="ZOrder">17</P>
      </Block>
      <Block BlockType="Scope" Name="Scope" SID="8">
        <P Name="Ports">[3]</P>
        <P Name="Position">[825, 333, 855, 377]</P>
        <P Name="ZOrder">8</P>
        <P Name="ScopeSpecificationString">Simulink.scopes.TimeScopeBlockCfg(&apos;CurrentConfiguration&apos;, extmgr.ConfigurationSet(extmgr.Configuration(&apos;Core&apos;,&apos;General UI&apos;,true),extmgr.Configuration(&apos;Core&apos;,&apos;Source UI&apos;,true),extmgr.Configuration(&apos;Sources&apos;,&apos;WiredSimulink&apos;,true),extmgr.Configuration(&apos;Visuals&apos;,&apos;Time Domain&apos;,true,&apos;SerializedDisplays&apos;,{struct(&apos;MinYLimReal&apos;,&apos;-17.59347&apos;,&apos;MaxYLimReal&apos;,&apos;86.67087&apos;,&apos;YLabelReal&apos;,&apos;&apos;,&apos;MinYLimMag&apos;,&apos;0.00000&apos;,&apos;MaxYLimMag&apos;,&apos;86.67087&apos;,&apos;LegendVisibility&apos;,&apos;Off&apos;,&apos;XGrid&apos;,true,&apos;YGrid&apos;,true,&apos;PlotMagPhase&apos;,false,&apos;AxesColor&apos;,[0 0 0],&apos;AxesTickColor&apos;,[0.686274509803922 0.686274509803922 0.686274509803922],&apos;ColorOrder&apos;,[1 1 0.0666666666666667;0.0745098039215686 0.623529411764706 1;1 0.411764705882353 0.16078431372549;0.392156862745098 0.831372549019608 0.0745098039215686;0.717647058823529 0.274509803921569 1;0.0588235294117647 1 1;1 0.0745098039215686 0.650980392156863],&apos;Title&apos;,&apos;%&lt;SignalLabel&gt;&apos;,&apos;LinePropertiesCache&apos;,{{}},&apos;UserDefinedChannelNames&apos;,{{}},&apos;NumLines&apos;,3,&apos;LineNames&apos;,{{&apos;Gain4&apos;,&apos;Integrator&apos;,&apos;Gain3&apos;}},&apos;ShowContent&apos;,true,&apos;Placement&apos;,1)},&apos;DisplayPropertyDefaults&apos;,struct(&apos;MinYLimReal&apos;,&apos;-17.59347&apos;,&apos;MaxYLimReal&apos;,&apos;86.67087&apos;,&apos;YLabelReal&apos;,&apos;&apos;,&apos;MinYLimMag&apos;,&apos;0.00000&apos;,&apos;MaxYLimMag&apos;,&apos;86.67087&apos;,&apos;LegendVisibility&apos;,&apos;Off&apos;,&apos;XGrid&apos;,true,&apos;YGrid&apos;,true,&apos;PlotMagPhase&apos;,false,&apos;AxesColor&apos;,[0 0 0],&apos;AxesTickColor&apos;,[0.686274509803922 0.686274509803922 0.686274509803922],&apos;ColorOrder&apos;,[0.0745098039215686 0.623529411764706 1;1 0.411764705882353 0.16078431372549;1 1 0.0666666666666667;0.717647058823529 0.274509803921569 1;0.392156862745098 0.831372549019608 0.0745098039215686;0.0588235294117647 1 1;1 0.0745098039215686 0.650980392156863])),extmgr.Configuration(&apos;Tools&apos;,&apos;Plot Navigation&apos;,true,&apos;PreviousAutoscale&apos;,&apos;XY&apos;),extmgr.Configuration(&apos;Tools&apos;,&apos;Measurements&apos;,true,&apos;Measurements&apos;,struct(&apos;bilevel&apos;,struct(&apos;StateLevelsSource&apos;,&apos;Auto&apos;,&apos;StateLevels&apos;,[0.381222199691619 49.9401081596021],&apos;PercentStateLevelTolerance&apos;,2,&apos;PercentReferenceLevels&apos;,[10 50 90],&apos;SettlingSeekDuration&apos;,0.02,&apos;SettingsPanelOpen&apos;,0,&apos;TransitionsPanelOpen&apos;,1,&apos;AberrationsPanelOpen&apos;,0,&apos;CyclesPanelOpen&apos;,0)),&apos;Version&apos;,&apos;2016a&apos;)),&apos;Version&apos;,&apos;2016a&apos;,&apos;Position&apos;,[146 7 570 450])</P>
        <P Name="NumInputPorts">3</P>
      </Block>
      <Block BlockType="Scope" Name="Scope1" SID="21">
        <P Name="Ports">[3]</P>
        <P Name="Position">[965, 644, 1025, 716]</P>
        <P Name="ZOrder">21</P>
        <P Name="ScopeSpecificationString">Simulink.scopes.TimeScopeBlockCfg(&apos;CurrentConfiguration&apos;, extmgr.ConfigurationSet(extmgr.Configuration(&apos;Core&apos;,&apos;General UI&apos;,true),extmgr.Configuration(&apos;Core&apos;,&apos;Source UI&apos;,true),extmgr.Configuration(&apos;Sources&apos;,&apos;WiredSimulink&apos;,true,&apos;DataLoggingVariableName&apos;,&apos;ScopeData1&apos;),extmgr.Configuration(&apos;Visuals&apos;,&apos;Time Domain&apos;,true,&apos;SerializedDisplays&apos;,{struct(&apos;MinYLimReal&apos;,&apos;-17.59347&apos;,&apos;MaxYLimReal&apos;,&apos;86.67087&apos;,&apos;YLabelReal&apos;,&apos;&apos;,&apos;MinYLimMag&apos;,&apos;0.00000&apos;,&apos;MaxYLimMag&apos;,&apos;86.67087&apos;,&apos;LegendVisibility&apos;,&apos;off&apos;,&apos;XGrid&apos;,true,&apos;YGrid&apos;,true,&apos;PlotMagPhase&apos;,false,&apos;AxesColor&apos;,[0 0 0],&apos;AxesTickColor&apos;,[0.686274509803922 0.686274509803922 0.686274509803922],&apos;ColorOrder&apos;,[1 1 0.0666666666666667;0.0745098039215686 0.623529411764706 1;1 0.411764705882353 0.16078431372549;0.392156862745098 0.831372549019608 0.0745098039215686;0.717647058823529 0.274509803921569 1;0.0588235294117647 1 1;1 0.0745098039215686 0.650980392156863],&apos;Title&apos;,&apos;%&lt;SignalLabel&gt;&apos;,&apos;LinePropertiesCache&apos;,{{}},&apos;UserDefinedChannelNames&apos;,{{}},&apos;NumLines&apos;,3,&apos;LineNames&apos;,{{&apos;Integrator&apos;,&apos;Gain3&apos;,&apos;Integrator1&apos;}},&apos;ShowContent&apos;,true,&apos;Placement&apos;,1)},&apos;DisplayPropertyDefaults&apos;,struct(&apos;MinYLimReal&apos;,&apos;-17.59347&apos;,&apos;MaxYLimReal&apos;,&apos;86.67087&apos;,&apos;YLabelReal&apos;,&apos;&apos;,&apos;MinYLimMag&apos;,&apos;0.00000&apos;,&apos;MaxYLimMag&apos;,&apos;86.67087&apos;,&apos;LegendVisibility&apos;,&apos;off&apos;,&apos;XGrid&apos;,true,&apos;YGrid&apos;,true,&apos;PlotMagPhase&apos;,false,&apos;AxesColor&apos;,[0 0 0],&apos;AxesTickColor&apos;,[0.686274509803922 0.686274509803922 0.686274509803922],&apos;ColorOrder&apos;,[0.0745098039215686 0.623529411764706 1;1 0.411764705882353 0.16078431372549;1 1 0.0666666666666667;0.717647058823529 0.274509803921569 1;0.392156862745098 0.831372549019608 0.0745098039215686;0.0588235294117647 1 1;1 0.0745098039215686 0.650980392156863])),extmgr.Configuration(&apos;Tools&apos;,&apos;Plot Navigation&apos;,true),extmgr.Configuration(&apos;Tools&apos;,&apos;Measurements&apos;,true,&apos;Version&apos;,&apos;2016a&apos;)),&apos;Version&apos;,&apos;2016a&apos;,&apos;Position&apos;,[709 116 570 450])</P>
        <P Name="NumInputPorts">3</P>
      </Block>
      <Block BlockType="Sum" Name="Sum" SID="1">
        <P Name="Ports">[3, 1]</P>
        <P Name="Position">[455, 291, 500, 384]</P>
        <P Name="ZOrder">1</P>
        <P Name="ShowName">off</P>
        <P Name="Inputs">|+--</P>
        <P Name="InputSameDT">off</P>
        <P Name="OutDataTypeStr">Inherit: Inherit via internal rule</P>
        <P Name="SaturateOnIntegerOverflow">off</P>
      </Block>
      <Block BlockType="Sum" Name="Sum1" SID="22">
        <P Name="Ports">[3, 1]</P>
        <P Name="Position">[390, 655, 460, 750]</P>
        <P Name="ZOrder">14</P>
        <P Name="ShowName">off</P>
        <P Name="Inputs">|+--</P>
        <P Name="InputSameDT">off</P>
        <P Name="OutDataTypeStr">Inherit: Inherit via internal rule</P>
        <P Name="SaturateOnIntegerOverflow">off</P>
      </Block>
      <Line>
        <P Name="ZOrder">3</P>
        <P Name="Src">1#out:1</P>
        <P Name="Dst">2#in:1</P>
      </Line>
      <Line>
        <P Name="ZOrder">5</P>
        <P Name="Src">2#out:1</P>
        <P Name="Points">[13, 0]</P>
        <Branch>
          <P Name="ZOrder">43</P>
          <P Name="Dst">3#in:1</P>
        </Branch>
        <Branch>
          <P Name="ZOrder">11</P>
          <P Name="Points">[0, 50]</P>
          <Branch>
            <P Name="ZOrder">41</P>
            <P Name="Points">[232, 0]</P>
            <P Name="Dst">8#in:2</P>
          </Branch>
          <Branch>
            <P Name="ZOrder">37</P>
            <P Name="Points">[0, 10]</P>
            <Branch>
              <P Name="ZOrder">25</P>
              <P Name="Points">[0, 15]</P>
              <P Name="Dst">9#in:1</P>
            </Branch>
            <Branch>
              <P Name="ZOrder">24</P>
              <P Name="Dst">4#in:1</P>
            </Branch>
          </Branch>
        </Branch>
      </Line>
      <Line>
        <P Name="ZOrder">12</P>
        <P Name="Src">4#out:1</P>
        <P Name="Points">[-65, 0]</P>
        <P Name="Dst">1#in:3</P>
      </Line>
      <Line>
        <P Name="ZOrder">14</P>
        <P Name="Src">5#out:1</P>
        <P Name="Points">[-79, 0; 0, -105]</P>
        <P Name="Dst">1#in:2</P>
      </Line>
      <Line>
        <P Name="ZOrder">40</P>
        <P Name="Src">13#out:1</P>
        <P Name="Dst">1#in:1</P>
      </Line>
      <Line>
        <P Name="ZOrder">13</P>
        <P Name="Src">3#out:1</P>
        <P Name="Points">[15, 0]</P>
        <Branch>
          <P Name="ZOrder">44</P>
          <P Name="Dst">10#in:1</P>
        </Branch>
        <Branch>
          <P Name="ZOrder">32</P>
          <P Name="Points">[0, 115]</P>
          <P Name="Dst">5#in:1</P>
        </Branch>
      </Line>
      <Line>
        <P Name="ZOrder">35</P>
        <P Name="Src">10#out:1</P>
        <P Name="Dst">8#in:1</P>
      </Line>
      <Line>
        <P Name="ZOrder">42</P>
        <P Name="Src">9#out:1</P>
        <P Name="Points">[43, 0; 0, -45]</P>
        <P Name="Dst">8#in:3</P>
      </Line>
      <Line>
        <P Name="ZOrder">45</P>
        <P Name="Src">22#out:1</P>
        <P Name="Dst">19#in:1</P>
      </Line>
      <Line>
        <P Name="ZOrder">51</P>
        <P Name="Src">19#out:1</P>
        <P Name="Points">[50, 0]</P>
        <Branch>
          <P Name="ZOrder">50</P>
          <P Name="Points">[0, -50; 1, 0]</P>
          <Branch>
            <P Name="ZOrder">49</P>
            <P Name="Points">[0, -29; 257, 0; 0, 29]</P>
            <P Name="Dst">21#in:1</P>
          </Branch>
          <Branch>
            <P Name="ZOrder">48</P>
            <P Name="Dst">18#in:1</P>
          </Branch>
        </Branch>
        <Branch>
          <P Name="ZOrder">47</P>
          <P Name="Points">[0, 120]</P>
          <P Name="Dst">16#in:1</P>
        </Branch>
        <Branch>
          <P Name="ZOrder">46</P>
          <P Name="Dst">15#in:1</P>
        </Branch>
      </Line>
      <Line>
        <P Name="ZOrder">52</P>
        <P Name="Src">15#out:1</P>
        <P Name="Dst">20#in:1</P>
      </Line>
      <Line>
        <P Name="ZOrder">53</P>
        <P Name="Src">16#out:1</P>
        <P Name="Points">[-220, 0]</P>
        <P Name="Dst">22#in:3</P>
      </Line>
      <Line>
        <P Name="ZOrder">54</P>
        <P Name="Src">17#out:1</P>
        <P Name="Points">[-250, 0; 0, -175]</P>
        <P Name="Dst">22#in:2</P>
      </Line>
      <Line>
        <P Name="ZOrder">57</P>
        <P Name="Src">20#out:1</P>
        <P Name="Points">[15, 0]</P>
        <Branch>
          <P Name="ZOrder">56</P>
          <P Name="Dst">21#in:3</P>
        </Branch>
        <Branch>
          <P Name="ZOrder">55</P>
          <P Name="Points">[0, 185]</P>
          <P Name="Dst">17#in:1</P>
        </Branch>
      </Line>
      <Line>
        <P Name="ZOrder">58</P>
        <P Name="Src">14#out:1</P>
        <P Name="Dst">22#in:1</P>
      </Line>
      <Line>
        <P Name="ZOrder">59</P>
        <P Name="Src">18#out:1</P>
        <P Name="Points">[108, 0; 0, 25]</P>
        <P Name="Dst">21#in:2</P>
      </Line>
    </System>
  </Model>
</ModelInformation>
