<?xml version="1.0" encoding="UTF-8" standalone="yes" ?><cp:coreProperties xmlns:cp="http://schemas.openxmlformats.org/package/2006/metadata/core-properties" xmlns:dc="http://purl.org/dc/elements/1.1/" xmlns:dcmitype="http://purl.org/dc/dcmitype/" xmlns:dcterms="http://purl.org/dc/terms/" xmlns:xsi="http://www.w3.org/2001/XMLSchema-instance"><cp:category>Model</cp:category><dcterms:created xsi:type="dcterms:W3CDTF">2017-10-06T07:57:42Z</dcterms:created><dc:creator>cinlab</dc:creator><cp:lastModifiedBy>cinlab</cp:lastModifiedBy><dcterms:modified xsi:type="dcterms:W3CDTF">2017-10-06T08:32:01Z</dcterms:modified><cp:revision>1.1</cp:revision><cp:version>R2016a</cp:version></cp:coreProperties>